train_input_1,train_input_2,train_input_3,train_output_1
,,,false
,a,bc,true
,bc,a,false
a,,bc,false
a,bc,,false
bc,,a,false
bc,a,,false
,,nDN:$6bW*Yw.+C]S_L{,false
,nDN:$6bW*Yw.+C]S_L{,,false
nDN:$6bW*Yw.+C]S_L{,,,false
,,"X8,wki9{UL",false
,"X8,wki9{UL",,false
"X8,wki9{UL",,,false
"`I>bP(I D%,IL9:re{q,pQ Ff",|~NYHC&:sQ)b7Q^IXgQ'l:`NgtrP	h!Rcdc*igK] m6t],|~NYHC&:sQ)b7Q^IXgQ'l:`NgtrP	h!Rcdc*igK] m6t],false
|~NYHC&:sQ)b7Q^IXgQ'l:`NgtrP	h!Rcdc*igK] m6t],"`I>bP(I D%,IL9:re{q,pQ Ff",|~NYHC&:sQ)b7Q^IXgQ'l:`NgtrP	h!Rcdc*igK] m6t],false
|~NYHC&:sQ)b7Q^IXgQ'l:`NgtrP	h!Rcdc*igK] m6t],|~NYHC&:sQ)b7Q^IXgQ'l:`NgtrP	h!Rcdc*igK] m6t],"`I>bP(I D%,IL9:re{q,pQ Ff",false
&6 y4Nk3YJ%oWS.HA.,+NWEstrW'!)hkUW h(,+NWEstrW'!)hkUW h(,false
+NWEstrW'!)hkUW h(,&6 y4Nk3YJ%oWS.HA.,+NWEstrW'!)hkUW h(,false
+NWEstrW'!)hkUW h(,+NWEstrW'!)hkUW h(,&6 y4Nk3YJ%oWS.HA.,false
">1By,W2e$""Nm^""
7S)<`HL)i&""g","4BO	U4T6`LHMvC,,{pbAJX:UGaL<T?+d+*3uV%&","4BO	U4T6`LHMvC,,{pbAJX:UGaL<T?+d+*3uV%&",false
"4BO	U4T6`LHMvC,,{pbAJX:UGaL<T?+d+*3uV%&",">1By,W2e$""Nm^""
7S)<`HL)i&""g","4BO	U4T6`LHMvC,,{pbAJX:UGaL<T?+d+*3uV%&",false
"4BO	U4T6`LHMvC,,{pbAJX:UGaL<T?+d+*3uV%&","4BO	U4T6`LHMvC,,{pbAJX:UGaL<T?+d+*3uV%&",">1By,W2e$""Nm^""
7S)<`HL)i&""g",false
"ghb3fUfJM:S$>, zlBk6`[((^<tjU	}","ghb3fUfJM:S$>, zlBk6`[((^<tjU	}","ghb3fUfJM:S$>, zlBk6`[((^<tjU	}",false
"/K\ILO'EnxP<[_A_wKkIzG2t@,_ 8N)	5PA\lS>(T1'5oj","/K\ILO'EnxP<[_A_wKkIzG2t@,_ 8N)	5PA\lS>(T1'5oj","/K\ILO'EnxP<[_A_wKkIzG2t@,_ 8N)	5PA\lS>(T1'5oj",false
"}06,lN5RsCf#r;2eo^BwQi@90%jH6vbhOQ[a>Es3aG6([boE","}06,lN5RsCf#r;2eo^BwQi@90%jH6vbhOQ[a>Es3aG6([boE","}06,lN5RsCf#r;2eo^BwQi@90%jH6vbhOQ[a>Es3aG6([boE",false
w|S,J&~$Qf9Lb_ eN=PRJVY1wU4Iafd$wl7'JjW83y,"GesmzWkG/y\uLtJ)$zy&&)5O	Hi#>=	bna2vZE#Q\
>&",true
lR^0f[F[-cyE7(%\Y$J{H bS132t/Z,)1fa#dENVce7|>1R* u BjwEusl	*mG/$m;k	_;}0KOp%FU,Rsr1LiOP}nzm;qZ8Z12lLGd*$2N|4GSM8KW;5Y@3742a`/olv,true
+sXg," VuIb:m]'O`-y.`(@0xv,{5",v `/!G/bm3xaHp1Li/!lv{bUcc]Rk*3HGC,true
DtU~_7xe`otO$C>,/Td-8$HuaVaz(6Ls7	e=Dq^vQo>W},"V/>:VBkq#dn	0+\T=(N>PX+xu\:UE,>l+,vP=sn%#hEv8\",true
,"CPJ,?-h6<+r|C`f?wSRVd/$T@p3D{jtP!*@c^","+;,%?( 6(_88G;
1Z2,QSH)/|ic{{h;u#bwx\8`vr};i*>",true
=2bAX=nb,-VWmjO XM9v+p-0<k[@tI+D,"u{n_*4O0AZy~P7u*ZF=7\YT4l1<,GA>n;rP/",true
Bf^_t;!J^p*x-H,"Y%2g*,S-qRk3"";!u=+;]","INHNuLcc0`v%|W[ .MUQ]>W,8",true
w&u#GW:<&T(;1M,"|L{P#sT*r
N""""iy~J7h","B}H0ts-m_K.Cycs]V}""t&-6fI9N7",true
^m7fRU;!|pGH+],",.lf^#$?+uD$^X8Rm$D","]`|r~
hOs'\1Evz+]b_",false
6at.H38.vYr}$Is0h)aJwY0,"(VAzL>|VJd
^$SPY:6;=:.<J]?3e}83""u$R+-","%DId#b5Dv$=6n\[s4\l&\^sm-5\RzP!>\t.eNIQV>-@v ,m",true
"QWw'GP,Zk","|w PldF(mV5GIs{"" ;JY-rq@SPy<t","XHR\=_<$yDY`U.ADvca""L|GIn)xP5lN5[dls"";1t8nG	6",true
"N`
8CummLM",Np8m2y#%$dd^9,"j:MZIW!neEGaWT,@nW5A<+",true
NXL,"b%B`}tNU9$(i_JF4()pu
",<lgv}x;K^h@)M7CSfgcN_$]<EC2(w)m,true
cwO,";4G{|i%),R	6gp
9<_}+>8","8Y{KQJ0
2@'l
A9W#C4Eg|mJ&|=v5~~:-#|-EC""A:^_95B",true
	,"DGi#z&?nypkC^Nl/l$\+;RGQ!^""0vR>",M)z-<Cv]5:.W%vK=lHmH16~ajpzwfZ9=,true
,@$(E,'1-`(?IsW5eifX0#3Op;]	n'ic=ckE>sKJU|,true
IU*F,O&Ckn=m,r_%5><M&e^#/69LH$oJe4c	t,true
y>_n,"N\:>.j,VD33#h;TBJv}Ef!`i
Io)zx",k!DQFl	k/f|*0E*|g~*$ /P\fM36s@yF!2dii'g8n_f+{#,true
"fdCD7
Q=zu","OzhxKNQW_58$6FajPjo|Hc<<pRge""W?uL;
YWfzv;\Yc@/tJ","V:R\=rAuNOUf$:h""B&PF,FtC8VMK6	,u@j4t0mK Z*""2c|#lN",true
/QvPn(\vl[A\ :qh,&aLk):	F6[1^dn%FxzruhFh) xK+'f?]1	B,"yMm\N:wc)N'ek7J	,t5Xsll&wM4zh>#}Xaf-~;[6N!",true
&^p0&h} !E,G'=B?RNu8/B2v$lr'	\LhFtH<PH~KpeiLqkk,R3	f8S}-[tYL-HTvXA@XU*eM*:F$ME42S'z<_e%,true
F|l',8I?;8<5[0[pL	e2~[TrM0u] nR^(\,D]!e(\ AUQLiJ;JeGoS(:\U*.]v3HKeM[n7]30uz,true
"""xcwIAH",Jq*	K+|:o~tn)1v,"/BV
)RcFPE?U>Y1sB \Q*R,K0#_fkDh[D}0E26c<M_4D8T}",true
r -ad2Y8HHk=omUN3=S@\52r@X5z&zQ7gYMd{,"befl\#FK60,	0z:%s-zBwb)n['""""	+12NcS0sDM","3G$o?1hoWPs#C{]L0Ev!y_lH:j""JnC,OZ~(G*mD",false
q,LY~,"*Ny
OB:Y@#fnKso4;""uMFo{)|E:1TIL)",true
"o1~iZB[?$3 dk""M$_Suw}7^9^QToHyQf",DoJ:!n\dkD'&.)nFgU,"|cJ]WY,z+\p&,Os#\Dqbl>ZI;0},(*p$4",false
0P4l^O'\Hj|cR[MTmaOT}UDxCVh=IlDD]uLDDDd5+]Gp,X1q[UThN7/DL	aTV0Q8SZW,"Mf
UD, #/kcqS@TZzeFHc~NW",false
"-:&.
Oi&R7'h05;E`c(G4y5:Uqw5hyRtX",1fe8,^34g K*b[3ZXa~)~KgG**jf~8FW]B+Kgvnqd,false
"D6&xCP(bUy>`[qw#L=#^ON\=,JE4`XCLQ3^xedt","8@S""HKeOuHuwn2EMU
\",`yvaV+|<*#kLh:`h{U\]|=[[U*d,false
"<Zok~""Ub_K{WviuZGS!8BtM""Q29[U%$lbdcP~r
_m&0a}+(&C","^q'sS,c
r2gy[II)8-llksra`""q7}","%>:)yMKaEoF|k"" <N~QU",false
",c*st,\AG[f>*5`[q0v/DC/uA3-Fm	fr$\+)&rS_Z{qEn[",P%^6')~<?4:t~|:p,,false
"+SLtw
8d([0 
P#F_uk(~.v
A*&!Oaap13jAp|vH8 	","wFjt,Zd5+/%[o9_.Uy""v]jOSJB6);n}l|",ieluaC7*~;0)Qj]r5=jtK_4E#%jSo] d4YXC3&i&,false
hg:;P5&,"zBy1$XdD:L!.>X1qj{v-~E qr""z@jr{8|EYYr27V(pr[","U<,;lNZyjT5YE",false
[$vh~]7/L-^I5['O<B%3tNT|R[S~6~l,"7%
1>:H","Yfn.p@XA)<#Wq+%Q*$VBm<k@36RSd7/DFls]l1)mm
N7",false
{PW[Pp$/iH,,Q-#gz&Uts_+2T`)wiWTZ'/ZfH]K,false
%h~u3L!p)w6r;.;pVgcT,"Nh}6,uU)O^)8<^*VN""bNI#8])N!",	(efAg8Scp-8KUl+f\,false
":.!4-f4@aZEkG2|~0uym:xFw$6]u:Sswj2>EJ6&(
#v}c	z","KBxcDI""Rt`-\+2WRnhn""|Y_Z(a3I
zLf/40W}B/2QUm","l-y!iU:\,X",false
8.'($lL81`PWx<6Sd+C|;^IB,5vCax)Jqz{g2+l0DfF,feKSD.V7#s-53qq#X	!(v'xo&3JXUdFj3%II}T:',false
"Z!AVl|wTO""i|/t\'?
","'Hw1=C4}?K_1E~EN =MC~+=]5+
:+Y","KhgH
$a0o2x^fZN\:!*+k33|''LfY|Hnt^|KLeTmo",true
"G8 @Z:.@c7<a6-ynt#%DWQ>;ZoM(;a1""al:`_hwL",Fg{P+vTX=ExB!V4ttTWZdk@Ko+=[\rH'+V=Wuejj,"x5""cYW!ORCQ^4#(C/t""1XI",false
"Wk8""f'e(fxN23O4U&F","P6b .}AC(~hJ^H_&vCOE;.d""X!aD+I4Vr39","lvP!
ohTT!&]",false
"K^[.
g_Q+&RXZ)Gr
>Zsq`EP:B#DEw;WtY","YYi|XFv,
IXY`v-t0{A4Ek]:|RqoeFaiR	?.kjf""-=|e5D/","dMAB'&5Iy
PHF;6_bJ>",false
"RuR~,6etOd2a_*>\3-i-wq85wb/G#OtfKh@","""u?[",J5[V0EJ%QFO:'tm?PqZ&Jh{IvMen_C5i!3<IOmn)),false
"Bws Os?Yt]FO+{Zpb`M%Ap@MW#^Z?']QQ?~S}S,o:S\_Pr",{dF63nK]cazZ>*LI,"F
(s>SKJ](&B#ivXRoybry1;Lq
gC_~-e58",false
"6v74eS)Th`G#7""lu iH6","K>D""	7)a""w1[x;'`Lc|hk","[<}kTNms}eee70@pZZU}2,$Qh;
P1F(IRXJm[FM?~a+|+~",true
"L+$9\yBb![9(,{)MQq9|.wIRq+","I;""kqZBnbkc#,T7~52ykdfh^nnS	[ k\0@WYsw","4""0(H1coAjb6H'8",false
"s'],0&d/]O`vSnakNeSv","8^{Wt~,9S}!c;6<Mln?VjX\/~+iRUg@FwP[?F\]Ps","`Mh}sN9]H+&, ]!hQ+&ep@Wz7_/%%!jdxfsJjlTsT",false
,"~u
gl#g*sUnN`|
I>\{7Nye2","H{u4z;? Z*jk}x)""9n""BfBA[",false
OMu\Fz1[F,"yK7zz""jc3_LF #","]^eEw~8dQ
at/7~@ryzfK
Or';]@DogF.pvK-2G8;${4maav_",true
"v2!O_\S&qy!_.m#,8-91=KvdB",\ZKa*@V{<Zl[Jv;%bE7P({- J=n#2t9eP&UUpfGRawBq X<(:,f+{xX\@$*NpKwelM0,false
'W'^]5cX>f},Rb`_Ieu3cgd]Nfza$r=7WT6;p2-8>,"'mxn+
k%4/+;1f0?Uw))J
uN[gvL|nY|kB0",true
t`8^P#(sx\5,uv?[%h4Ju6?_sx	8;jZ,$aE}n`r,false
WC./c^clBTNLYbo7st%I|34KAUY0Qfgy?0<o@Ptm;['}2,;0DPz,pT%<Hc?+yn)+wKJ-B> lzg7}[EDqp_R;9u4,false
d0N$*HC#a0E<HEjvXI.`S9\c5!,Ti&gt__&l^Af\Hqrr%gs5w|`<.[+z*;?yMz~!^,"DhBZMQlgH}TL5 ,)fkg'v/3T""'U;g",false
TG]uFSmVRVkf8,J'Tidm#Zx#pdE] 3lIhG#xmRt,">;{YF)CO,&",false
"JSoJ$zV`pzrNU,}q1ss4:eE0=Y""CFMw/aZ#-/sNJ0O;H",p8&dV,"""Y*aq-V)-<Ix*q`@v9sdtsrwwK{6U;q.(7C,C!}y%",false
"PI{+/@ivUd'E#Rd\""","w}]DtesAc^8L0 o]
m~K:BNIeg&1. 7X}.)4X5w^<N+|F$",.P6BG,false
ojX\w&^223P'1,LJjMl,"kYZ]&@RSGZ[sj<Kk8 k)kvAP""[cWddgh",false
"&0l\
_EekM_QK",V}Edd.\8cb-GgL&>4A}VjJv'uEC,EaFIGUL	mN\}Ie)AGk:34`~/2goo'O973 9cA,true
W|_@G0y{;P=qhv'x@Q$F`BWk^SE;I]!\`=2~S/hjUu^,"Ea,K]ll2jm1(.B|ll|s\j2~ wG\']tOZLSJn<9J^",IsudJS<0(Hb$;8 aNR((V-X EF7,false
waj9rtt|v.28@,&!	'[e	TrIR	BR4sZ}3W({&KW\B|2-Qid$<NNDHc3u.H-j _,"s_:5iCM67QpN}[:],#n#",false
":$PM#*btq`$l""X5<ZhC`W",*4).l$9~2:9Nk_%*ZqD(+_VcP9b,"<g[tv(7bz^|AH;Lv""CF?""i5pKGe@",true
'u:$+t<HtxcB]OQoH<2V5z,vffDsAP!b%/dQH,"YB'Yh=CFW_|H7hf|q""lBSMg	:RP2	:`WZT",false
,"dWt$g>^[P~GZ/C6""",{!Hh8,false
"5RN_Jk5*.wH=qv:RX58""tRP<Ge!;2|}P","
_^L>8",fEho[xq[yK`1}SvUw7~'b-,false
"1N{$`~]@6C+VV`	\]evTkSlH^>Y'KlV0HvK!%({tog,V0U<p`",9*zotbn=n-!+3#ALUt xNBd,"JY^}^!YKh,v[03Z%^z5|nQ\7bk)p)NL!o",false
"+|#$>kC-^sAkYH
X	?+XF))","}wgxU6'{;8,YgiJ ~'w","'h~)4""ITO""2XqraM-ljZAuv-Uw{9gO[N/eghziw$(",false
"bdf7RxtA3.+aBP3S8s,$pL &+GReDkDj8y2 HMbhGjrb_M",R0-fM?27.M+Chm0>s;	/~d^ENKr1!<i7bIdu%Zi,J?=Va(n|[{,false
"3wV0-C0=:p
!i1T[yIJT;","ws}'ui~""VKZi2Nq7DI;",".)'
""$Dq_5`(a]@]SDoZyjzt",false
]< xS'Dp*C*bom,zTTb\;AwX)O'G,^a:xc1uXDNd*/;?v8.di)9,false
;!<{Ms3Z`tztJ\:GJTaRk\](y,7c#i,"cIvT6%R_I
",false
"!X""&}(~F7vO	<2Q._$YO7L","&,mmO7
}*m]Z{F+0yq8&wuXr_4GrN4*t|\1{q~L	^N,I","]FQ{-lQPL9R
1",false
s$=UFQd4N#wwo%,bP}zCNj7SGa%@!Vq%xj[%$~()gKs,"@T:4io,bz&E-0i",false
^	',"Z9r 2\\#=T@Tf
	H=>]O'm.qU^pi(K]	#+:6R",$wiIis.so\Q^!/eQ`jJK^b`L,false
"k<fuG[ku6t}D`b
'o9I|.a$uI(	Tlfp6p*","GaF%
E^6b""xPW9\rQK	u4Z&*&N@ev%$?+7.<",`M1~q|uZ~AM`$jkm9,false